{
  "users": [
    {
      "id": "1",
      "name": "Prashant",
      "age": 22,
      "email": "Prashantnegi878@gmail.com"
    },
    {
      "id": "2",
      "name": "Jadli",
      "age": 22,
      "email": "jadli878@gmail.com"
    },
    {
      "id": "3",
      "name": "Neeraj",
      "age": 22,
      "email": "neerajbhatt@gmail.com"
    },
    {
      "id": "4",
      "name": "Ano",
      "age": "22",
      "email": "ano@ano.com"
    },
    {
      "id": "5",
      "name": "asdsa",
      "age": "asdsa",
      "email": "sadsad"
    },
    {
      "id": "6",
      "name": "sadsad",
      "age": "23",
      "email": "4354353@dsfsdf"
    }
  ]
}